talk.id,session.type,session,talk.type,talk.applied,prize,Winner,presenter.sex,presenter.stage,presenter.stage.other,last.author.sex,prop.coauthor.women,prop.chair.women,prop.chair.permanent
GS.01-O-1,GS,GS.01,oral,oral,FALSE,,M,senior non-permanent,,M,25,0,100
GS.01-O-11,GS,GS.01,oral,oral,FALSE,,M,post-doctoral,,M,16.6,0,100
GS.01-O-12,GS,GS.01,oral,oral,FALSE,,M,senior non-permanent,,M,50,0,100
GS.01-O-13,GS,GS.01,oral,oral,TRUE,,M,pre-doctoral,,M,25,0,100
GS.01-O-14,GS,GS.01,oral,oral,FALSE,,M,post-doctoral,,M,0,0,100
GS.01-O-15,GS,GS.01,oral,oral,FALSE,,M,senior permanent,,M,0,0,100
GS.01-O-16,GS,GS.01,oral,oral,FALSE,,M,post-doctoral,,M,33.33,0,100
GS.01-O-17,GS,GS.01,oral,oral,TRUE,,W,post-doctoral,,W,100,0,100
GS.01-O-18,GS,GS.01,oral,oral,TRUE,,M,post-doctoral,,M,0,0,100
GS.01-O-19,GS,GS.01,oral,oral,TRUE,,W,pre-doctoral,,W,66.66,0,100
GS.01-O-2,GS,GS.01,oral,oral,TRUE,,W,pre-doctoral,,M,50,0,100
GS.01-O-20,GS,GS.01,oral,oral,FALSE,,M,senior permanent,,M,33.33,0,100
GS.01-O-21,GS,GS.01,oral,oral,TRUE,,M,pre-doctoral,,W,50,0,100
GS.01-O-3,GS,GS.01,oral,oral,FALSE,,W,pre-doctoral,,W,47.05,0,100
GS.01-O-4,GS,GS.01,oral,oral,FALSE,,M,post-doctoral,,M,0,0,100
GS.01-O-5,GS,GS.01,oral,oral,FALSE,,M,senior non-permanent,,M,0,0,100
GS.01-O-6,GS,GS.01,oral,oral,FALSE,,W,post-doctoral,,M,33.33,0,100
GS.01-O-7,GS,GS.01,oral,oral,TRUE,,W,pre-doctoral,,M,25,0,100
GS.01-O-8,GS,GS.01,oral,oral,FALSE,,M,senior permanent,,M,33.33,0,100
GS.01-O-9,GS,GS.01,oral,oral,TRUE,,M,pre-doctoral,,M,0,0,100
GS.01-P-1,GS,GS.01,poster,oral,FALSE,,W,pre-doctoral,,M,25,0,100
GS.01-P-10,GS,GS.01,poster,oral,FALSE,,M,pre-doctoral,,M,0,0,100
GS.01-P-11,GS,GS.01,poster,poster,FALSE,,W,post-doctoral,,W,100,0,100
GS.01-P-2,GS,GS.01,poster,oral,TRUE,,W,pre-doctoral,,M,16.6,0,100
GS.01-P-3,GS,GS.01,poster,poster,FALSE,,W,other,non.academic,M,62.5,0,100
GS.01-P-4,GS,GS.01,poster,oral,FALSE,,M,senior non-permanent,,M,0,0,100
GS.01-P-5,GS,GS.01,poster,oral,TRUE,YES,W,pre-doctoral,,M,16.6,0,100
GS.01-P-6,GS,GS.01,poster,oral,FALSE,,M,senior non-permanent,,W,50,0,100
GS.01-P-7,GS,GS.01,poster,oral,TRUE,,W,pre-doctoral,,M,25,0,100
GS.01-P-8,GS,GS.01,poster,oral,FALSE,,W,pre-doctoral,,M,40,0,100
GS.01-P-9,GS,GS.01,poster,oral,TRUE,,M,post-doctoral,,M,14.28,0,100
GS.02-O-1,GS,GS.02,oral,oral,FALSE,,M,senior permanent,,M,50,50,50
GS.02-O-10,GS,GS.02,oral,oral,TRUE,,M,post-doctoral,,M,0,50,50
GS.02-O-11,GS,GS.02,oral,oral,FALSE,,W,senior non-permanent,,W,62.5,50,50
GS.02-O-12,GS,GS.02,oral,oral,FALSE,,M,senior non-permanent,,M,25,50,50
GS.02-O-13,GS,GS.02,oral,oral,FALSE,,W,senior non-permanent,,M,25,50,50
GS.02-O-14,GS,GS.02,oral,oral,TRUE,,M,pre-doctoral,,M,0,50,50
GS.02-O-15,GS,GS.02,oral,oral,FALSE,,W,senior permanent,,W,66.66,50,50
GS.02-O-16,GS,GS.02,oral,oral,FALSE,,W,senior permanent,,M,33.33,50,50
GS.02-O-17,GS,GS.02,oral,oral,FALSE,,M,senior non-permanent,,M,40,50,50
GS.02-O-18,GS,GS.02,oral,oral,FALSE,,W,post-doctoral,,W,71.42,50,50
GS.02-O-2,GS,GS.02,oral,oral,FALSE,,M,other,non.academic,M,33.33,50,50
GS.02-O-3,GS,GS.02,oral,oral,FALSE,,M,senior permanent,,M,0,50,50
GS.02-O-4,GS,GS.02,oral,oral,TRUE,,M,post-doctoral,,M,33.33,50,50
GS.02-O-5,GS,GS.02,oral,oral,FALSE,,M,senior permanent,,M,25,50,50
GS.02-O-6,GS,GS.02,oral,oral,TRUE,,M,post-doctoral,,M,0,50,50
GS.02-O-7,GS,GS.02,oral,oral,FALSE,,W,senior permanent,,M,50,50,50
GS.02-O-8,GS,GS.02,oral,oral,TRUE,,M,pre-doctoral,,W,66.66,50,50
GS.02-O-9,GS,GS.02,oral,oral,FALSE,,M,senior permanent,,M,20,50,50
GS.02-P-1,GS,GS.02,poster,poster,TRUE,,M,pre-doctoral,,M,33.33,50,50
GS.02-P-2,GS,GS.02,poster,oral,TRUE,,M,pre-doctoral,,W,66.66,50,50
GS.02-P-3,GS,GS.02,poster,poster,FALSE,,M,pre-doctoral,,W,42.85,50,50
GS.02-P-4,GS,GS.02,poster,poster,TRUE,,W,pre-doctoral,,W,66.66,50,50
GS.02-P-5,GS,GS.02,poster,poster,TRUE,YES,M,pre-doctoral,,W,33.33,50,50
GS.02-P-6,GS,GS.02,poster,poster,FALSE,,W,senior non-permanent,,M,33.33,50,50
GS.02-P-7,GS,GS.02,poster,poster,FALSE,,W,senior permanent,,M,33.33,50,50
GS.02-P-8,GS,GS.02,poster,oral,TRUE,,W,pre-doctoral,,W,71.42,50,50
GS.02-P-9,GS,GS.02,poster,poster,TRUE,,W,pre-doctoral,,M,50,50,50
GS.03-O-1,GS,GS.03,oral,oral,FALSE,,W,senior non-permanent,,W,100,0,100
GS.03-O-11,GS,GS.03,oral,oral,TRUE,,W,post-doctoral,,M,37.5,0,100
GS.03-O-12,GS,GS.03,oral,oral,TRUE,,W,pre-doctoral,,M,33.33,0,100
GS.03-O-13,GS,GS.03,oral,oral,FALSE,,M,senior permanent,,M,0,0,100
GS.03-O-14,GS,GS.03,oral,oral,TRUE,,M,pre-doctoral,,M,0,0,100
GS.03-O-15,GS,GS.03,oral,oral,TRUE,,W,pre-doctoral,,W,66.67,0,100
GS.03-O-16,GS,GS.03,oral,oral,FALSE,,M,senior non-permanent,,M,44.44,0,100
GS.03-O-17,GS,GS.03,oral,oral,FALSE,,W,pre-doctoral,,M,40,0,100
GS.03-O-18,GS,GS.03,oral,oral,TRUE,,M,pre-doctoral,,W,66.67,0,100
GS.03-O-19,GS,GS.03,oral,oral,FALSE,,M,senior permanent,,W,66.67,0,100
GS.03-O-2,GS,GS.03,oral,oral,TRUE,,M,pre-doctoral,,M,100,0,100
GS.03-O-20,GS,GS.03,oral,oral,FALSE,,M,senior non-permanent,,M,20,0,100
GS.03-O-21,GS,GS.03,oral,oral,FALSE,,W,senior permanent,,W,100,0,100
GS.03-O-22,GS,GS.03,oral,oral,FALSE,,W,senior permanent,,M,25,0,100
GS.03-O-23,GS,GS.03,oral,oral,FALSE,,M,senior permanent,,M,100,0,100
GS.03-O-24,GS,GS.03,oral,oral,FALSE,,W,senior non-permanent,,M,50,0,100
GS.03-O-25,GS,GS.03,oral,oral,FALSE,,M,pre-doctoral,,M,0,0,100
GS.03-O-26,GS,GS.03,oral,oral,FALSE,,M,pre-doctoral,,W,57.14,0,100
GS.03-O-27,GS,GS.03,oral,oral,FALSE,,M,post-doctoral,,M,0,0,100
GS.03-O-28,GS,GS.03,oral,oral,TRUE,,W,pre-doctoral,,M,42.86,0,100
GS.03-O-29,GS,GS.03,oral,oral,FALSE,,M,post-doctoral,,W,33.33,0,100
GS.03-O-3,GS,GS.03,oral,oral,TRUE,,M,post-doctoral,,M,25,0,100
GS.03-O-30,GS,GS.03,oral,oral,FALSE,,M,senior non-permanent,,M,12.5,0,100
GS.03-O-31,GS,GS.03,oral,oral,FALSE,,M,senior permanent,,W,57.14,0,100
GS.03-O-32,GS,GS.03,oral,oral,TRUE,,W,post-doctoral,,M,33.33,0,100
GS.03-O-33,GS,GS.03,oral,oral,FALSE,,M,senior non-permanent,,W,42.86,0,100
GS.03-O-34,GS,GS.03,oral,oral,TRUE,,W,post-doctoral,,M,50,0,100
GS.03-O-35,GS,GS.03,oral,oral,TRUE,,M,pre-doctoral,,M,33.33,0,100
GS.03-O-4,GS,GS.03,oral,oral,TRUE,,W,pre-doctoral,,W,80,0,100
GS.03-O-5,GS,GS.03,oral,oral,FALSE,,M,senior non-permanent,,W,33.33,0,100
GS.03-O-6,GS,GS.03,oral,oral,FALSE,,W,pre-doctoral,,M,11.11,0,100
GS.03-O-8,GS,GS.03,oral,oral,FALSE,,M,pre-doctoral,,M,0,0,100
GS.03-O-9,GS,GS.03,oral,oral,TRUE,,W,pre-doctoral,,M,14.29,0,100
GS.03-P-1,GS,GS.03,poster,oral,FALSE,,W,pre-doctoral,,W,50,0,100
GS.03-P-10,GS,GS.03,poster,oral,FALSE,,M,senior permanent,,M,20,0,100
GS.03-P-11,GS,GS.03,poster,oral,TRUE,,W,pre-doctoral,,M,75,0,100
GS.03-P-12,GS,GS.03,poster,oral,TRUE,,W,post-doctoral,,M,66.67,0,100
GS.03-P-13,GS,GS.03,poster,poster,FALSE,,W,senior permanent,,W,75,0,100
GS.03-P-14,GS,GS.03,poster,oral,FALSE,,W,other,technician,M,50,0,100
GS.03-P-15,GS,GS.03,poster,oral,TRUE,,M,post-doctoral,,M,0,0,100
GS.03-P-16,GS,GS.03,poster,poster,FALSE,,W,other,technician,W,80,0,100
GS.03-P-17,GS,GS.03,poster,oral,FALSE,,W,pre-doctoral,,M,33.33,0,100
GS.03-P-18,GS,GS.03,poster,poster,FALSE,,M,pre-doctoral,,M,0,0,100
GS.03-P-19,GS,GS.03,poster,oral,TRUE,,M,pre-doctoral,,M,28.57,0,100
GS.03-P-2,GS,GS.03,poster,poster,FALSE,,M,pre-doctoral,,M,100,0,100
GS.03-P-3,GS,GS.03,poster,poster,FALSE,,M,post-doctoral,,M,21.74,0,100
GS.03-P-4,GS,GS.03,poster,poster,FALSE,,W,pre-doctoral,,W,100,0,100
GS.03-P-5,GS,GS.03,poster,oral,FALSE,,M,pre-doctoral,,W,75,0,100
GS.03-P-6,GS,GS.03,poster,oral,FALSE,,W,pre-doctoral,,W,50,0,100
GS.03-P-7,GS,GS.03,poster,oral,FALSE,,M,senior permanent,,M,20,0,100
GS.03-P-8,GS,GS.03,poster,oral,FALSE,,W,senior permanent,,M,40,0,100
GS.03-P-9,GS,GS.03,poster,oral,TRUE,,M,pre-doctoral,,M,0,0,100
GS.04-O-1,GS,GS.04,oral,oral,TRUE,,M,post-doctoral,,M,25,50,100
GS.04-O-10,GS,GS.04,oral,oral,FALSE,,M,senior permanent,,M,0,50,100
GS.04-O-11,GS,GS.04,oral,oral,FALSE,,M,senior permanent,,M,0,50,100
GS.04-O-12,GS,GS.04,oral,oral,TRUE,,M,pre-doctoral,,M,17,50,100
GS.04-O-13,GS,GS.04,oral,oral,FALSE,,W,senior permanent,,M,20,50,100
GS.04-O-2,GS,GS.04,oral,oral,FALSE,,W,pre-doctoral,,M,17,50,100
GS.04-O-3,GS,GS.04,oral,oral,TRUE,,W,post-doctoral,,M,17,50,100
GS.04-O-4,GS,GS.04,oral,oral,TRUE,,W,post-doctoral,,W,100,50,100
GS.04-O-5,GS,GS.04,oral,oral,FALSE,,W,pre-doctoral,,M,25,50,100
GS.04-O-7,GS,GS.04,oral,oral,FALSE,,M,senior permanent,,M,0,50,100
GS.04-O-8,GS,GS.04,oral,oral,TRUE,,W,pre-doctoral,,M,40,50,100
GS.04-P-1,GS,GS.04,poster,poster,FALSE,,M,post-doctoral,,M,0,50,100
GS.04-P-2,GS,GS.04,poster,oral,TRUE,,M,pre-doctoral,,M,25,50,100
GS.05-O-1,GS,GS.05,oral,oral,FALSE,,W,senior permanent,,M,33.3,25,100
GS.05-O-10,GS,GS.05,oral,oral,FALSE,,M,senior permanent,,M,16.7,25,100
GS.05-O-11,GS,GS.05,oral,oral,FALSE,,W,senior permanent,,M,37.5,25,100
GS.05-O-12,GS,GS.05,oral,oral,FALSE,,M,senior permanent,,M,0,25,100
GS.05-O-13,GS,GS.05,oral,oral,FALSE,,W,senior non-permanent,,W,33.3,25,100
GS.05-O-14,GS,GS.05,oral,oral,TRUE,,M,senior non-permanent,,M,0,25,100
GS.05-O-15,GS,GS.05,oral,oral,FALSE,,M,senior permanent,,M,25,25,100
GS.05-O-16,GS,GS.05,oral,oral,TRUE,,W,pre-doctoral,,M,66.7,25,100
GS.05-O-17,GS,GS.05,oral,oral,TRUE,,M,pre-doctoral,,M,14.3,25,100
GS.05-O-18,GS,GS.05,oral,oral,FALSE,,W,senior non-permanent,,W,100,25,100
GS.05-O-19,GS,GS.05,oral,oral,FALSE,,W,senior permanent,,M,33.3,25,100
GS.05-O-2,GS,GS.05,oral,oral,FALSE,,M,senior permanent,,M,0,25,100
GS.05-O-20,GS,GS.05,oral,oral,TRUE,,W,pre-doctoral,,M,37.5,25,100
GS.05-O-21,GS,GS.05,oral,oral,FALSE,,W,senior permanent,,M,50,25,100
GS.05-O-22,GS,GS.05,oral,oral,FALSE,,M,senior permanent,,M,12.5,25,100
GS.05-O-3,GS,GS.05,oral,oral,FALSE,,M,senior permanent,,M,33.3,25,100
GS.05-O-4,GS,GS.05,oral,oral,FALSE,,M,senior permanent,,W,40,25,100
GS.05-O-5,GS,GS.05,oral,oral,FALSE,,W,senior non-permanent,,M,30,25,100
GS.05-O-6,GS,GS.05,oral,oral,TRUE,,M,post-doctoral,,M,0,25,100
GS.05-O-7,GS,GS.05,oral,oral,FALSE,,M,senior permanent,,M,NA,25,100
GS.05-O-8,GS,GS.05,oral,oral,FALSE,,W,senior permanent,,W,75,25,100
GS.05-O-9,GS,GS.05,oral,oral,FALSE,,W,senior permanent,,W,80,25,100
GS.05-P-1,GS,GS.05,poster,poster,TRUE,,M,pre-doctoral,,W,50,25,100
GS.05-P-10,GS,GS.05,poster,oral,FALSE,,W,pre-doctoral,,W,60,25,100
GS.05-P-11,GS,GS.05,poster,oral,FALSE,,W,senior permanent,,M,55.6,25,100
GS.05-P-12,GS,GS.05,poster,poster,FALSE,,W,senior permanent,,M,50,25,100
GS.05-P-13,GS,GS.05,poster,oral,TRUE,,W,pre-doctoral,,M,22.2,25,100
GS.05-P-14,GS,GS.05,poster,oral,FALSE,,W,senior permanent,,W,100,25,100
GS.05-P-2,GS,GS.05,poster,oral,TRUE,,W,pre-doctoral,,W,50,25,100
GS.05-P-3,GS,GS.05,poster,poster,FALSE,,W,senior permanent,,W,75,25,100
GS.05-P-4,GS,GS.05,poster,poster,FALSE,,W,other,non-academic,M,20,25,100
GS.05-P-5,GS,GS.05,poster,oral,TRUE,,M,pre-doctoral,,W,20,25,100
GS.05-P-6,GS,GS.05,poster,poster,FALSE,,M,senior permanent,,M,50,25,100
GS.05-P-7,GS,GS.05,poster,oral,TRUE,,W,pre-doctoral,,M,16.7,25,100
GS.05-P-8,GS,GS.05,poster,poster,FALSE,,W,senior non-permanent,,M,50,25,100
GS.05-P-9,GS,GS.05,poster,poster,FALSE,,W,pre-doctoral,,M,28.6,25,100
PT-1,PT,PT,plenary,oral,FALSE,,M,senior permanent,,,0,,
PT-2,PT,PT,plenary,oral,FALSE,,W,senior permanent,,,100,,
PT-3,PT,PT,plenary,oral,FALSE,,M,senior permanent,,,0,,
PT-4,PT,PT,plenary,oral,FALSE,,W,senior permanent,,,100,,
PT-5,PT,PT,plenary,oral,FALSE,,M,senior non-permanent,,,0,,
PT-6,PT,PT,plenary,oral,FALSE,,W,senior non-permanent,,,100,,
PT-7,PT,PT,plenary,oral,FALSE,,M,senior non-permanent,,,0,,
PT-8,PT,PT,plenary,oral,FALSE,,M,senior permanent,,,0,,
PT-9,PT,PT,plenary,oral,TRUE,,W,post-doctoral,,,100,,
TS.01-MT-9,TS,TS.01,invited,oral,FALSE,,W,post-doctoral,,W,1,100,0
TS.01-O-1,TS,TS.01,oral,oral,FALSE,,W,senior non-permanent,,M,0.75,100,0
TS.01-O-2,TS,TS.01,oral,oral,TRUE,,M,post-doctoral,,M,0,100,0
TS.01-O-3,TS,TS.01,oral,oral,TRUE,,W,post-doctoral,,M,0.125,100,0
TS.01-O-4,TS,TS.01,oral,oral,FALSE,,W,senior permanent,,M,0.333333333,100,0
TS.01-O-5,TS,TS.01,oral,oral,FALSE,,W,senior permanent,,W,0.777777778,100,0
TS.01-O-6,TS,TS.01,oral,oral,TRUE,,M,pre-doctoral,,W,0.5,100,0
TS.01-O-7,TS,TS.01,oral,oral,TRUE,,M,post-doctoral,,M,0.111111111,100,0
TS.01-O-8,TS,TS.01,oral,oral,FALSE,,W,post-doctoral,,W,0.666666667,100,0
TS.01-P-1,TS,TS.01,poster,poster,TRUE,,M,pre-doctoral,,M,0,100,0
TS.02-MT-1,TS,TS.02,invited,oral,FALSE,,M,senior permanent,,M,0,0,0.333333333
TS.02-MT-24,TS,TS.02,invited,oral,FALSE,,M,senior permanent,,W,0.285714286,0,0.333333333
TS.02-O-10,TS,TS.02,oral,oral,FALSE,,M,post-doctoral,,W,0.3,0,0.333333333
TS.02-O-11,TS,TS.02,oral,oral,FALSE,,W,senior permanent,,M,0.333333333,0,0.333333333
TS.02-O-12,TS,TS.02,oral,oral,TRUE,,W,pre-doctoral,,W,1,0,0.333333333
TS.02-O-13,TS,TS.02,oral,oral,TRUE,,W,post-doctoral,,M,0.375,0,0.333333333
TS.02-O-14,TS,TS.02,oral,oral,FALSE,,M,senior non-permanent,,M,0,0,0.333333333
TS.02-O-15,TS,TS.02,oral,oral,FALSE,,M,senior non-permanent,,W,0.2,0,0.333333333
TS.02-O-16,TS,TS.02,oral,oral,TRUE,,M,post-doctoral,,M,0,0,0.333333333
TS.02-O-17,TS,TS.02,oral,oral,TRUE,,W,pre-doctoral,,W,0.666666667,0,0.333333333
TS.02-O-18,TS,TS.02,oral,oral,FALSE,,M,senior permanent,,W,0.4,0,0.333333333
TS.02-O-19,TS,TS.02,oral,oral,FALSE,,W,senior permanent,,M,0.25,0,0.333333333
TS.02-O-2,TS,TS.02,oral,oral,FALSE,,W,senior permanent,,M,0.5,0,0.333333333
TS.02-O-20,TS,TS.02,oral,oral,FALSE,,W,pre-doctoral,,W,0.6,0,0.333333333
TS.02-O-21,TS,TS.02,oral,oral,TRUE,,W,post-doctoral,,M,0.4,0,0.333333333
TS.02-O-22,TS,TS.02,oral,oral,FALSE,,M,post-doctoral,,W,0.25,0,0.333333333
TS.02-O-23,TS,TS.02,oral,oral,FALSE,,W,senior permanent,,M,0.166666667,0,0.333333333
TS.02-O-25,TS,TS.02,oral,oral,FALSE,,M,senior permanent,,M,0,0,0.333333333
TS.02-O-26,TS,TS.02,oral,oral,TRUE,,W,post-doctoral,,M,0.333333333,0,0.333333333
TS.02-O-27,TS,TS.02,oral,oral,TRUE,,W,pre-doctoral,,M,0.5,0,0.333333333
TS.02-O-28,TS,TS.02,oral,oral,FALSE,,W,post-doctoral,,W,0.714285714,0,0.333333333
TS.02-O-29,TS,TS.02,poster,oral,FALSE,,W,pre-doctoral,,M,0.6,0,0.333333333
TS.02-O-3,TS,TS.02,oral,oral,FALSE,,W,post-doctoral,,W,0.666666667,0,0.333333333
TS.02-O-4,TS,TS.02,oral,oral,FALSE,,W,other,"technician, associada",W,0.666666667,0,0.333333333
TS.02-O-5,TS,TS.02,oral,oral,TRUE,,M,post-doctoral,,W,0.4,0,0.333333333
TS.02-O-6,TS,TS.02,oral,oral,TRUE,,M,post-doctoral,,M,0.166666667,0,0.333333333
TS.02-O-7,TS,TS.02,oral,oral,TRUE,,W,pre-doctoral,,M,0.5,0,0.333333333
TS.02-O-8,TS,TS.02,oral,oral,TRUE,,M,pre-doctoral,,W,0.5,0,0.333333333
TS.02-O-9,TS,TS.02,oral,oral,TRUE,,W,pre-doctoral,,W,0.4,0,0.333333333
TS.02-P-1,TS,TS.02,poster,poster,FALSE,,M,senior non-permanent,,M,0.444444444,0,0.333333333
TS.02-P-10,TS,TS.02,poster,oral,FALSE,,M,senior permanent,,M,0.333333333,0,0.333333333
TS.02-P-11,TS,TS.02,poster,poster,FALSE,,W,pre-doctoral,,M,0.5,0,0.333333333
TS.02-P-12,TS,TS.02,poster,poster,FALSE,,W,other,non.academic,W,1,0,0.333333333
TS.02-P-13,TS,TS.02,poster,poster,FALSE,,M,senior permanent,,M,0.1,0,0.333333333
TS.02-P-14,TS,TS.02,poster,oral,TRUE,,M,pre-doctoral,,M,0,0,0.333333333
TS.02-P-15,TS,TS.02,poster,poster,FALSE,,W,post-doctoral,,M,0.333333333,0,0.333333333
TS.02-P-16,TS,TS.02,poster,poster,FALSE,,W,senior permanent,,M,0.5,0,0.333333333
TS.02-P-17,TS,TS.02,poster,oral,FALSE,,M,senior non-permanent,,W,0.375,0,0.333333333
TS.02-P-18,TS,TS.02,poster,poster,FALSE,,W,pre-doctoral,,M,0.333333333,0,0.333333333
TS.02-P-19,TS,TS.02,poster,poster,FALSE,,M,senior permanent,,M,0.25,0,0.333333333
TS.02-P-2,TS,TS.02,poster,oral,TRUE,,M,pre-doctoral,,W,0.6,0,0.333333333
TS.02-P-20,TS,TS.02,poster,poster,FALSE,,W,senior permanent,,M,0.166666667,0,0.333333333
TS.02-P-21,TS,TS.02,poster,oral,FALSE,,M,senior permanent,,M,0.333333333,0,0.333333333
TS.02-P-3,TS,TS.02,poster,oral,FALSE,,W,senior non-permanent,,W,0.75,0,0.333333333
TS.02-P-5,TS,TS.02,poster,poster,TRUE,,W,pre-doctoral,,W,0.666666667,0,0.333333333
TS.02-P-6,TS,TS.02,poster,oral,FALSE,,M,senior permanent,,M,0.4,0,0.333333333
TS.02-P-7,TS,TS.02,poster,poster,FALSE,,M,pre-doctoral,,M,0,0,0.333333333
TS.02-P-8,TS,TS.02,poster,oral,TRUE,,M,pre-doctoral,,M,0,0,0.333333333
TS.02-P-9,TS,TS.02,poster,poster,FALSE,,W,senior permanent,,W,0.6,0,0.333333333
TS.03-MT-1,TS,TS.03,invited,oral,FALSE,,M,senior permanent,,M,0,40,20
TS.03-O-10,TS,TS.03,oral,oral,TRUE,,M,pre-doctoral,,M,0,40,20
TS.03-O-11,TS,TS.03,oral,oral,FALSE,,W,senior permanent,,W,50,40,20
TS.03-O-2,TS,TS.03,oral,oral,TRUE,,M,pre-doctoral,,M,29,40,20
TS.03-O-3,TS,TS.03,oral,oral,TRUE,,M,post-doctoral,,M,0,40,20
TS.03-O-4,TS,TS.03,oral,oral,FALSE,,M,post-doctoral,,M,25,40,20
TS.03-O-5,TS,TS.03,oral,oral,FALSE,,W,post-doctoral,,M,60,40,20
TS.03-O-6,TS,TS.03,oral,oral,TRUE,,W,post-doctoral,,W,28.6,40,20
TS.03-O-7,TS,TS.03,oral,oral,FALSE,,M,post-doctoral,,M,25,40,20
TS.03-O-8,TS,TS.03,oral,oral,TRUE,,M,pre-doctoral,,W,60,40,20
TS.03-O-9,TS,TS.03,oral,oral,TRUE,,W,post-doctoral,,M,50,40,20
TS.03-P-1,TS,TS.03,poster,oral,FALSE,,M,post-doctoral,,W,80,40,20
TS.03-P-2,TS,TS.03,poster,poster,FALSE,,M,pre-doctoral,,W,60,40,20
TS.03-P-3,TS,TS.03,poster,oral,FALSE,,M,senior non-permanent,,M,20,40,20
TS.03-P-4,TS,TS.03,poster,oral,FALSE,,M,pre-doctoral,,W,43,40,20
TS.04-MT-1,TS,TS.04,invited,oral,FALSE,,W,senior permanent,,M,33.3,0,50
TS.04-O-10,TS,TS.04,oral,oral,TRUE,,M,pre-doctoral,,M,0,0,50
TS.04-O-11,TS,TS.04,oral,oral,TRUE,,M,post-doctoral,,M,0,0,50
TS.04-O-2,TS,TS.04,oral,oral,FALSE,,W,post-doctoral,,M,50,0,50
TS.04-O-3,TS,TS.04,oral,oral,TRUE,YES,M,pre-doctoral,,M,25,0,50
TS.04-O-5,TS,TS.04,oral,oral,TRUE,,W,pre-doctoral,,W,43.75,0,50
TS.04-O-6,TS,TS.04,oral,oral,TRUE,,W,pre-doctoral,,M,33.3,0,50
TS.04-O-7,TS,TS.04,oral,oral,FALSE,,W,senior non-permanent,,M,66.6,0,50
TS.04-O-8,TS,TS.04,oral,oral,TRUE,,M,pre-doctoral,,M,28.57,0,50
TS.04-O-9,TS,TS.04,oral,oral,FALSE,,M,senior permanent,,W,50,0,50
TS.04-P-1,TS,TS.04,poster,oral,FALSE,,W,pre-doctoral,,W,100,0,50
TS.04-P-2,TS,TS.04,poster,oral,FALSE,,M,senior permanent,,M,42.86,0,50
TS.04-P-4,TS,TS.04,poster,poster,FALSE,,W,senior permanent,,W,100,0,50
TS.05-MT-1,TS,TS.05,invited,oral,FALSE,,M,senior non-permanent,,M,0,50,50
TS.05-O-10,TS,TS.05,oral,oral,TRUE,,M,pre-doctoral,,M,25,50,50
TS.05-O-11,TS,TS.05,oral,oral,FALSE,,W,pre-doctoral,,W,75,50,50
TS.05-O-12,TS,TS.05,oral,oral,TRUE,,W,pre-doctoral,,M,57.14,50,50
TS.05-O-13,TS,TS.05,oral,oral,FALSE,,W,senior permanent,,W,75,50,50
TS.05-O-2,TS,TS.05,oral,oral,TRUE,,M,post-doctoral,,M,0,50,50
TS.05-O-3,TS,TS.05,oral,oral,TRUE,,M,pre-doctoral,,M,0,50,50
TS.05-O-4,TS,TS.05,oral,oral,TRUE,,W,post-doctoral,,M,25,50,50
TS.05-O-5,TS,TS.05,oral,oral,FALSE,,M,senior permanent,,M,0,50,50
TS.05-O-6,TS,TS.05,oral,oral,FALSE,,M,senior permanent,,M,0,50,50
TS.05-O-7,TS,TS.05,oral,oral,TRUE,,M,post-doctoral,,M,0,50,50
TS.05-O-8,TS,TS.05,oral,oral,FALSE,,M,pre-doctoral,,M,14.29,50,50
TS.05-O-9,TS,TS.05,oral,oral,TRUE,,M,pre-doctoral,,M,16.66,50,50
TS.05-P-1,TS,TS.05,poster,poster,FALSE,,M,post-doctoral,,W,50,50,50
TS.06-MT-1,TS,TS.06,invited,oral,FALSE,,M,senior permanent,,W,37.5,50,100
TS.06-O-10,TS,TS.06,oral,oral,FALSE,,M,senior non-permanent,,M,33.33,50,100
TS.06-O-11,TS,TS.06,oral,oral,FALSE,,W,pre-doctoral,,M,33.33,50,100
TS.06-O-12,TS,TS.06,oral,oral,TRUE,,W,pre-doctoral,,M,71.43,50,100
TS.06-O-13,TS,TS.06,oral,oral,TRUE,,W,pre-doctoral,,M,50,50,100
TS.06-O-14,TS,TS.06,oral,oral,FALSE,,M,senior permanent,,M,0,50,100
TS.06-O-2,TS,TS.06,oral,oral,TRUE,,M,pre-doctoral,,M,0,50,100
TS.06-O-3,TS,TS.06,oral,oral,FALSE,,M,pre-doctoral,,M,15.38,50,100
TS.06-O-4,TS,TS.06,oral,oral,FALSE,,M,post-doctoral,,W,37.5,50,100
TS.06-O-5,TS,TS.06,oral,oral,FALSE,,W,pre-doctoral,,M,28.57,50,100
TS.06-O-6,TS,TS.06,oral,oral,FALSE,,M,senior non-permanent,,M,50,50,100
TS.06-O-7,TS,TS.06,oral,oral,FALSE,,M,post-doctoral,,M,12.5,50,100
TS.06-O-8,TS,TS.06,oral,oral,FALSE,,M,senior non-permanent,,M,30,50,100
TS.06-O-9,TS,TS.06,oral,oral,TRUE,,W,pre-doctoral,,M,40,50,100
TS.06-P-1,TS,TS.06,poster,oral,TRUE,YES,W,pre-doctoral,,M,42.86,50,100
TS.06-P-2,TS,TS.06,poster,poster,FALSE,,W,other,"technician, associada",M,66.66,50,100
TS.06-P-3,TS,TS.06,poster,oral,TRUE,,M,post-doctoral,,M,40,50,100
TS.06-P-4,TS,TS.06,poster,poster,FALSE,,M,senior permanent,,W,50,50,100
TS.06-P-5,TS,TS.06,poster,oral,FALSE,,W,senior permanent,,M,25,50,100
TS.06-P-6,TS,TS.06,poster,oral,FALSE,,W,pre-doctoral,,M,10,50,100
TS.07-MT-1,TS,TS.07,invited,oral,FALSE,,W,senior permanent,,M,66.67,25,75
TS.07-O-10,TS,TS.07,oral,oral,FALSE,,M,post-doctoral,,W,33.33,25,75
TS.07-O-11,TS,TS.07,oral,oral,FALSE,,M,senior non-permanent,,M,0,25,75
TS.07-O-12,TS,TS.07,oral,oral,TRUE,,M,post-doctoral,,M,46.67,25,75
TS.07-O-13,TS,TS.07,oral,oral,FALSE,,M,pre-doctoral,,M,33.33,25,75
TS.07-O-14,TS,TS.07,oral,oral,TRUE,,M,post-doctoral,,M,40,25,75
TS.07-O-15,TS,TS.07,oral,oral,TRUE,YES,W,pre-doctoral,,M,25,25,75
TS.07-O-16,TS,TS.07,oral,oral,FALSE,,W,senior non-permanent,,M,25,25,75
TS.07-O-17,TS,TS.07,oral,oral,FALSE,,M,senior permanent,,W,50,25,75
TS.07-O-18,TS,TS.07,oral,oral,FALSE,,M,senior permanent,,M,100,25,75
TS.07-O-19,TS,TS.07,oral,oral,TRUE,,W,pre-doctoral,,M,66.67,25,75
TS.07-O-2,TS,TS.07,oral,oral,FALSE,,W,senior non-permanent,,M,50,25,75
TS.07-O-20,TS,TS.07,oral,oral,FALSE,,W,senior non-permanent,,W,100,25,75
TS.07-O-21,TS,TS.07,oral,oral,TRUE,,M,post-doctoral,,W,50,25,75
TS.07-O-22,TS,TS.07,oral,oral,TRUE,,W,pre-doctoral,,W,66.67,25,75
TS.07-O-23,TS,TS.07,oral,oral,TRUE,,W,pre-doctoral,,M,25,25,75
TS.07-O-24,TS,TS.07,oral,oral,FALSE,,M,pre-doctoral,,M,28.57,25,75
TS.07-O-25,TS,TS.07,oral,oral,TRUE,,M,post-doctoral,,M,50,25,75
TS.07-O-3,TS,TS.07,oral,oral,TRUE,YES,W,pre-doctoral,,W,71.43,25,75
TS.07-O-4,TS,TS.07,oral,oral,TRUE,,W,pre-doctoral,,M,100,25,75
TS.07-O-5,TS,TS.07,oral,oral,FALSE,,M,senior non-permanent,,M,54.55,25,75
TS.07-O-6,TS,TS.07,oral,oral,FALSE,,M,senior permanent,,W,60,25,75
TS.07-O-7,TS,TS.07,oral,oral,FALSE,,M,senior permanent,,M,40,25,75
TS.07-O-8,TS,TS.07,oral,oral,FALSE,,M,senior permanent,,M,0,25,75
TS.07-O-9,TS,TS.07,oral,oral,FALSE,,W,post-doctoral,,W,100,25,75
TS.07-P-1,TS,TS.07,poster,poster,TRUE,YES,W,pre-doctoral,,M,66.67,25,75
TS.07-P-2,TS,TS.07,poster,oral,TRUE,,M,post-doctoral,,M,50,25,75
TS.07-P-3,TS,TS.07,poster,oral,TRUE,,W,pre-doctoral,,W,100,25,75
TS.07-P-4,TS,TS.07,poster,oral,TRUE,,M,pre-doctoral,,M,33.33,25,75
TS.07-P-5,TS,TS.07,poster,poster,TRUE,YES,W,pre-doctoral,,M,100,25,75
TS.07-P-6,TS,TS.07,poster,poster,FALSE,,M,senior permanent,,M,100,25,75
TS.07-P-7,TS,TS.07,poster,poster,FALSE,,M,senior permanent,,M,0,25,75
TS.07-P-8,TS,TS.07,poster,poster,FALSE,,W,other,technician,M,50,25,75
TS.07-P-9,TS,TS.07,poster,poster,TRUE,YES,W,pre-doctoral,,W,50,25,75
TS.08-O-1,TS,TS.08,oral,oral,FALSE,,M,senior permanent,,M,0,50,25
TS.08-O-10,TS,TS.08,oral,oral,TRUE,,W,pre-doctoral,,W,60,50,25
TS.08-O-11,TS,TS.08,oral,oral,TRUE,,W,post-doctoral,,M,50,50,25
TS.08-O-12,TS,TS.08,oral,oral,TRUE,,W,post-doctoral,,M,60,50,25
TS.08-O-13,TS,TS.08,oral,oral,FALSE,,M,senior non-permanent,,M,0,50,25
TS.08-O-14,TS,TS.08,oral,oral,FALSE,,W,pre-doctoral,,M,20,50,25
TS.08-O-2,TS,TS.08,oral,oral,FALSE,,W,senior non-permanent,,W,37.5,50,25
TS.08-O-3,TS,TS.08,oral,oral,TRUE,,M,post-doctoral,,M,0,50,25
TS.08-O-4,TS,TS.08,oral,oral,TRUE,,W,pre-doctoral,,M,20,50,25
TS.08-O-5,TS,TS.08,oral,oral,TRUE,,W,post-doctoral,,M,50,50,25
TS.08-O-6,TS,TS.08,oral,oral,TRUE,,M,pre-doctoral,,M,,50,25
TS.08-O-7,TS,TS.08,oral,oral,FALSE,,M,senior non-permanent,,M,14.29,50,25
TS.08-O-8,TS,TS.08,oral,oral,FALSE,,M,post-doctoral,,M,14.29,50,25
TS.08-O-9,TS,TS.08,oral,oral,FALSE,,W,pre-doctoral,,M,20,50,25
TS.08-P-1,TS,TS.08,poster,poster,TRUE,,W,pre-doctoral,,W,75,50,25
TS.09-MT-1,TS,TS.09,invited,oral,FALSE,,W,senior permanent,,W,100,50,60
TS.09-O-2,TS,TS.09,oral,oral,TRUE,,M,pre-doctoral,,M,0,50,60
TS.09-O-3,TS,TS.09,oral,oral,TRUE,,W,post-doctoral,,W,33.33,50,60
TS.09-O-4,TS,TS.09,oral,oral,TRUE,,W,pre-doctoral,,W,100,50,60
TS.09-O-5,TS,TS.09,oral,oral,FALSE,,M,post-doctoral,,M,20,50,60
TS.09-O-6,TS,TS.09,oral,oral,TRUE,,M,post-doctoral,,M,20,50,60
TS.09-O-7,TS,TS.09,oral,oral,FALSE,,W,post-doctoral,,M,25,50,60
TS.09-O-8,TS,TS.09,oral,oral,TRUE,,M,pre-doctoral,,M,14.29,50,60
TS.09-P-1,TS,TS.09,poster,oral,TRUE,,W,pre-doctoral,,M,28.57,50,60
TS.09-P-2,TS,TS.09,poster,oral,TRUE,,M,pre-doctoral,,W,16.67,50,60
TS.09-P-3,TS,TS.09,poster,oral,FALSE,,M,senior permanent,,M,100,50,60
TS.09-P-4,TS,TS.09,poster,oral,TRUE,,W,pre-doctoral,,M,75,50,60
TS.09-P-5,TS,TS.09,poster,poster,TRUE,,W,pre-doctoral,,W,100,50,60
TS.10-MT-1,TS,TS.10,invited,oral,TRUE,,M,post-doctoral,,M,0,50,50
TS.10-MT-12,TS,TS.10,invited,oral,FALSE,,M,senior permanent,,M,0,50,50
TS.10-O-10,TS,TS.10,oral,oral,TRUE,,W,pre-doctoral,,M,60,50,50
TS.10-O-13,TS,TS.10,oral,oral,FALSE,,W,post-doctoral,,M,25,50,50
TS.10-O-14,TS,TS.10,oral,oral,FALSE,,W,senior non-permanent,,M,33,50,50
TS.10-O-15,TS,TS.10,oral,oral,FALSE,,M,senior permanent,,W,20,50,50
TS.10-O-16,TS,TS.10,oral,oral,FALSE,,M,senior non-permanent,,M,0,50,50
TS.10-O-17,TS,TS.10,oral,oral,TRUE,,W,pre-doctoral,,M,57,50,50
TS.10-O-18,TS,TS.10,oral,oral,TRUE,,M,post-doctoral,,M,33,50,50
TS.10-O-19,TS,TS.10,oral,oral,TRUE,,W,pre-doctoral,,M,67,50,50
TS.10-O-2,TS,TS.10,oral,oral,TRUE,,W,pre-doctoral,,M,50,50,50
TS.10-O-20,TS,TS.10,oral,oral,TRUE,,W,pre-doctoral,,M,40,50,50
TS.10-O-21,TS,TS.10,oral,oral,TRUE,,W,pre-doctoral,,W,67,50,50
TS.10-O-22,TS,TS.10,oral,oral,FALSE,,M,senior permanent,,M,17,50,50
TS.10-O-23,TS,TS.10,oral,oral,TRUE,,W,post-doctoral,,M,67,50,50
TS.10-O-24,TS,TS.10,oral,oral,FALSE,,W,pre-doctoral,,M,20,50,50
TS.10-O-3,TS,TS.10,oral,oral,TRUE,,W,post-doctoral,,W,80,50,50
TS.10-O-4,TS,TS.10,oral,oral,FALSE,,M,pre-doctoral,,W,57,50,50
TS.10-O-5,TS,TS.10,oral,oral,FALSE,,W,senior non-permanent,,M,33,50,50
TS.10-O-6,TS,TS.10,oral,oral,FALSE,,W,senior non-permanent,,W,100,50,50
TS.10-O-7,TS,TS.10,oral,oral,FALSE,,W,pre-doctoral,,M,25,50,50
TS.10-O-8,TS,TS.10,oral,oral,FALSE,,M,pre-doctoral,,M,0,50,50
TS.10-O-9,TS,TS.10,oral,oral,FALSE,,M,senior permanent,,M,33,50,50
TS.10-P-1,TS,TS.10,poster,oral,TRUE,,W,post-doctoral,,W,42,50,50
TS.10-P-10,TS,TS.10,poster,oral,TRUE,,W,pre-doctoral,,M,20,50,50
TS.10-P-2,TS,TS.10,poster,poster,FALSE,,W,pre-doctoral,,M,60,50,50
TS.10-P-3,TS,TS.10,poster,poster,TRUE,,M,post-doctoral,,W,83,50,50
TS.10-P-4,TS,TS.10,poster,oral,TRUE,,W,pre-doctoral,,M,67,50,50
TS.10-P-5,TS,TS.10,poster,oral,TRUE,,W,pre-doctoral,,W,100,50,50
TS.10-P-6,TS,TS.10,poster,poster,FALSE,,M,post-doctoral,,M,0,50,50
TS.10-P-7,TS,TS.10,poster,poster,FALSE,,W,pre-doctoral,,W,57,50,50
TS.10-P-8,TS,TS.10,poster,oral,TRUE,YES,W,pre-doctoral,,M,43,50,50
TS.10-P-9,TS,TS.10,poster,oral,TRUE,,M,post-doctoral,,M,25,50,50
TS.11-MT-1,TS,TS.11,invited,oral,FALSE,,W,senior permanent,,M,33.3,40,20
TS.11-MT-11,TS,TS.11,invited,oral,FALSE,,W,senior permanent,,W,66.6,40,20
TS.11-O-10,TS,TS.11,oral,oral,TRUE,,M,pre-doctoral,,M,0,40,20
TS.11-O-12,TS,TS.11,oral,oral,TRUE,,M,post-doctoral,,W,50,40,20
TS.11-O-13,TS,TS.11,oral,oral,FALSE,,W,senior permanent,,M,25,40,20
TS.11-O-14,TS,TS.11,oral,oral,FALSE,,M,post-doctoral,,W,50,40,20
TS.11-O-15,TS,TS.11,oral,oral,TRUE,,W,pre-doctoral,,W,66.7,40,20
TS.11-O-16,TS,TS.11,oral,oral,TRUE,,M,pre-doctoral,,W,50,40,20
TS.11-O-17,TS,TS.11,oral,oral,TRUE,,W,pre-doctoral,,M,25,40,20
TS.11-O-18,TS,TS.11,oral,oral,TRUE,,W,post-doctoral,,M,75,40,20
TS.11-O-19,TS,TS.11,oral,oral,TRUE,,M,post-doctoral,,M,10,40,20
TS.11-O-2,TS,TS.11,oral,oral,FALSE,,M,post-doctoral,,M,25,40,20
TS.11-O-20,TS,TS.11,oral,oral,FALSE,,M,senior permanent,,M,20,40,20
TS.11-O-21,TS,TS.11,oral,oral,TRUE,,W,pre-doctoral,,M,50,40,20
TS.11-O-22,TS,TS.11,oral,oral,TRUE,,W,post-doctoral,,M,33.3,40,20
TS.11-O-23,TS,TS.11,oral,oral,TRUE,,M,post-doctoral,,M,33.3,40,20
TS.11-O-3,TS,TS.11,oral,oral,TRUE,,W,post-doctoral,,W,100,40,20
TS.11-O-4,TS,TS.11,oral,oral,TRUE,,M,pre-doctoral,,W,40,40,20
TS.11-O-5,TS,TS.11,oral,oral,FALSE,,W,senior permanent,,W,80,40,20
TS.11-O-6,TS,TS.11,oral,oral,FALSE,,M,post-doctoral,,M,42.9,40,20
TS.11-O-7,TS,TS.11,oral,oral,FALSE,,W,senior non-permanent,,M,31.3,40,20
TS.11-O-8,TS,TS.11,oral,oral,TRUE,,M,pre-doctoral,,M,20,40,20
TS.11-O-9,TS,TS.11,oral,oral,FALSE,,W,senior permanent,,M,40,40,20
TS.11-P-1,TS,TS.11,poster,oral,TRUE,,M,post-doctoral,,M,50,40,20
TS.11-P-10,TS,TS.11,poster,poster,FALSE,,M,senior non-permanent,,M,25,40,20
TS.11-P-11,TS,TS.11,poster,poster,FALSE,,W,pre-doctoral,,W,100,40,20
TS.11-P-12,TS,TS.11,poster,oral,TRUE,,W,pre-doctoral,,M,40,40,20
TS.11-P-2,TS,TS.11,poster,poster,FALSE,,W,pre-doctoral,,W,33.3,40,20
TS.11-P-3,TS,TS.11,poster,oral,FALSE,,W,senior non-permanent,,M,81.8,40,20
TS.11-P-4,TS,TS.11,poster,poster,FALSE,,M,senior permanent,,M,0,40,20
TS.11-P-5,TS,TS.11,poster,oral,FALSE,,W,post-doctoral,,W,83.3,40,20
TS.11-P-6,TS,TS.11,poster,oral,FALSE,,W,senior permanent,,M,75,40,20
TS.11-P-7,TS,TS.11,poster,poster,FALSE,,W,senior permanent,,W,60,40,20
TS.11-P-8,TS,TS.11,poster,oral,TRUE,,W,pre-doctoral,,W,50,40,20
TS.11-P-9,TS,TS.11,poster,oral,FALSE,,M,senior non-permanent,,M,28.6,40,20
TS.12-MT-1,TS,TS.12,invited,oral,FALSE,,M,senior permanent,,M,0,0,100
TS.12-O-3,TS,TS.12,oral,oral,FALSE,,W,senior permanent,,M,11.11111111,0,100
TS.12-O-4,TS,TS.12,oral,oral,FALSE,,M,post-doctoral,,M,14.28571429,0,100
TS.12-O-5,TS,TS.12,oral,oral,FALSE,,M,post-doctoral,,M,0,0,100
TS.12-P-1,TS,TS.12,poster,oral,FALSE,,M,post-doctoral,,M,20,0,100
TS.12-P-2,TS,TS.12,poster,poster,FALSE,,M,senior non-permanent,,M,0,0,100
TS.12-P-3,TS,TS.12,poster,oral,FALSE,,M,senior permanent,,M,25,0,100
TS.12-P-4,TS,TS.12,oral,oral,FALSE,,W,post-doctoral,,M,16.66666667,0,100
TS.13-O-1,TS,TS.13,oral,oral,TRUE,,M,pre-doctoral,,M,50,100,40
TS.13-O-2,TS,TS.13,oral,oral,FALSE,,W,post-doctoral,,M,33.33333333,100,40
TS.13-O-3,TS,TS.13,oral,oral,TRUE,,W,pre-doctoral,,M,66.66666667,100,40
TS.13-O-4,TS,TS.13,oral,oral,FALSE,,M,pre-doctoral,,M,33.33333333,100,40
TS.13-O-5,TS,TS.13,oral,oral,FALSE,,W,senior permanent,,M,60,100,40
TS.13-O-6,TS,TS.13,oral,oral,FALSE,,W,post-doctoral,,W,33.33333333,100,40
TS.13-O-7,TS,TS.13,oral,poster,FALSE,,W,senior permanent,,M,25,100,40
TS.13-P-1,TS,TS.13,poster,oral,TRUE,,W,pre-doctoral,,M,66.66666667,100,40
TS.13-P-2,TS,TS.13,poster,poster,TRUE,,M,post-doctoral,,M,0,100,40
TS.14-MT-1,TS,TS.14,invited,oral,TRUE,,M,post-doctoral,,M,0,33.33333333,0
TS.14-O-10,TS,TS.14,oral,oral,TRUE,,M,post-doctoral,,W,33.33333333,33.33333333,0
TS.14-O-11,TS,TS.14,oral,oral,FALSE,,W,senior non-permanent,,M,41.66666667,33.33333333,0
TS.14-O-12,TS,TS.14,oral,oral,TRUE,,M,pre-doctoral,,M,20,33.33333333,0
TS.14-O-13,TS,TS.14,oral,oral,FALSE,,M,senior permanent,,M,0,33.33333333,0
TS.14-O-14,TS,TS.14,oral,oral,TRUE,,M,post-doctoral,,M,22.22222222,33.33333333,0
TS.14-O-15,TS,TS.14,oral,oral,TRUE,,W,pre-doctoral,,M,50,33.33333333,0
TS.14-O-16,TS,TS.14,oral,oral,TRUE,,W,pre-doctoral,,W,60,33.33333333,0
TS.14-O-17,TS,TS.14,oral,oral,TRUE,,W,pre-doctoral,,W,50,33.33333333,0
TS.14-O-2,TS,TS.14,oral,oral,FALSE,,M,senior permanent,,M,0,33.33333333,0
TS.14-O-3,TS,TS.14,oral,oral,FALSE,,M,senior non-permanent,,W,38.46153846,33.33333333,0
TS.14-O-4,TS,TS.14,oral,oral,TRUE,,M,pre-doctoral,,W,50,33.33333333,0
TS.14-O-5,TS,TS.14,oral,oral,TRUE,,W,pre-doctoral,,M,33.33333333,33.33333333,0
TS.14-O-6,TS,TS.14,oral,oral,FALSE,,W,post-doctoral,,M,60,33.33333333,0
TS.14-O-7,TS,TS.14,oral,oral,TRUE,,W,post-doctoral,,M,50,33.33333333,0
TS.14-O-8,TS,TS.14,oral,oral,FALSE,,W,senior non-permanent,,M,42.85714286,33.33333333,0
TS.14-O-9,TS,TS.14,oral,oral,TRUE,,W,post-doctoral,,M,50,33.33333333,0
TS.14-P-1,TS,TS.14,poster,poster,FALSE,,W,senior non-permanent,,M,37.5,33.33333333,0
TS.14-P-2,TS,TS.14,poster,poster,FALSE,,W,pre-doctoral,,W,100,33.33333333,0
TS.14-P-3,TS,TS.14,poster,oral,TRUE,,M,pre-doctoral,,M,25,33.33333333,0
TS.14-P-4,TS,TS.14,poster,poster,FALSE,,W,senior permanent,,M,25,33.33333333,0
TS.14-P-5,TS,TS.14,poster,oral,TRUE,,W,pre-doctoral,,M,60,33.33333333,0
TS.14-P-6,TS,TS.14,poster,oral,TRUE,,M,pre-doctoral,,W,40,33.33333333,0
TS.14-P-7,TS,TS.14,poster,oral,TRUE,,W,pre-doctoral,,W,60,33.33333333,0
TS.15-MT-1,TS,TS.15,invited,oral,FALSE,,M,senior permanent,,M,25,50,0
TS.15-O-2,TS,TS.15,oral,oral,FALSE,,W,senior permanent,,M,33.33333333,50,0
TS.15-O-3,TS,TS.15,oral,oral,TRUE,,W,post-doctoral,,W,33.33333333,50,0
TS.15-O-4,TS,TS.15,oral,oral,FALSE,,W,post-doctoral,,W,44.44444444,50,0
TS.15-O-5,TS,TS.15,oral,oral,FALSE,,M,senior permanent,,M,33.33333333,50,0
TS.15-O-6,TS,TS.15,oral,oral,FALSE,,W,senior non-permanent,,W,66.66666667,50,0
TS.15-O-7,TS,TS.15,oral,oral,FALSE,,M,senior non-permanent,,M,0,50,0
TS.15-O-8,TS,TS.15,oral,oral,TRUE,,M,pre-doctoral,,W,60,50,0
TS.15-O-9,TS,TS.15,oral,oral,TRUE,,W,post-doctoral,,W,100,50,0
TS.15-P-1,TS,TS.15,poster,oral,TRUE,,M,post-doctoral,,M,37.5,50,0
TS.15-P-2,TS,TS.15,poster,oral,FALSE,,M,senior permanent,,M,22.22222222,50,0
TS.16-MT-1,TS,TS.16,invited,oral,FALSE,,M,senior permanent,,M,100,75,0
TS.16-O-2,TS,TS.16,oral,oral,FALSE,,W,senior non-permanent,,W,40,75,0
TS.16-O-3,TS,TS.16,oral,oral,FALSE,,M,senior permanent,,W,16.66666667,75,0
TS.16-O-4,TS,TS.16,oral,oral,FALSE,,M,pre-doctoral,,M,100,75,0
TS.16-O-5,TS,TS.16,oral,oral,TRUE,,W,pre-doctoral,,M,0.375,75,0
TS.16-O-6,TS,TS.16,oral,oral,TRUE,,M,pre-doctoral,,M,40,75,0
TS.16-O-7,TS,TS.16,oral,oral,FALSE,,M,senior permanent,,M,100,75,0
TS.16-P-1,TS,TS.16,poster,oral,TRUE,,W,pre-doctoral,,M,30.76923077,75,0
TS.16-P-2,TS,TS.16,poster,oral,TRUE,,W,pre-doctoral,,M,50,75,0
TS.16-P-3,TS,TS.16,poster,oral,FALSE,,M,senior permanent,,W,66.66666667,75,0
TS.17-MT-1,TS,TS.17,invited,oral,FALSE,,M,senior permanent,,M,0,25,75
TS.17-O-2,TS,TS.17,oral,oral,FALSE,,M,post-doctoral,,W,50,25,75
TS.17-O-3,TS,TS.17,oral,oral,TRUE,,W,pre-doctoral,,M,33.3,25,75
TS.17-O-4,TS,TS.17,oral,oral,TRUE,,M,pre-doctoral,,M,25,25,75
TS.17-O-5,TS,TS.17,oral,oral,TRUE,,W,pre-doctoral,,M,60,25,75
TS.17-O-6,TS,TS.17,oral,oral,TRUE,,W,pre-doctoral,,M,33.3,25,75
TS.17-O-7,TS,TS.17,oral,oral,FALSE,,M,senior permanent,,M,0,25,75
TS.17-O-8,TS,TS.17,oral,oral,TRUE,,M,pre-doctoral,,M,0,25,75
TS.17-O-9,TS,TS.17,oral,oral,TRUE,,M,post-doctoral,,M,0,25,75
TS.17-P-2,TS,TS.17,poster,oral,TRUE,,M,pre-doctoral,,M,16.7,25,75
TS.17-P-3,TS,TS.17,poster,poster,FALSE,,M,senior non-permanent,,W,33.3,25,75
TS.17-P-4,TS,TS.17,poster,oral,FALSE,,W,pre-doctoral,,M,25,25,75
TS.18-O-1,TS,TS.18,oral,oral,FALSE,,M,senior permanent,,W,80,0,100
TS.18-O-2,TS,TS.18,oral,oral,FALSE,,M,senior permanent,,M,20,0,100
TS.18-O-3,TS,TS.18,oral,oral,FALSE,,W,senior permanent,,W,80,0,100
TS.18-O-4,TS,TS.18,oral,oral,FALSE,,W,senior permanent,,M,66.7,0,100
TS.18-O-5,TS,TS.18,oral,oral,TRUE,,M,post-doctoral,,M,0,0,100
TS.18-O-6,TS,TS.18,oral,oral,FALSE,,M,senior permanent,,M,0,0,100
TS.18-O-7,TS,TS.18,oral,oral,TRUE,,W,pre-doctoral,,M,44.4,0,100
TS.19-MT-1,TS,TS.19,invited,oral,FALSE,,M,senior permanent,,M,0,0,100
TS.19-O-10,TS,TS.19,oral,oral,TRUE,,W,pre-doctoral,,M,40,0,100
TS.19-O-11,TS,TS.19,oral,oral,TRUE,,M,post-doctoral,,W,50,0,100
TS.19-O-12,TS,TS.19,oral,oral,TRUE,,W,post-doctoral,,M,50,0,100
TS.19-O-13,TS,TS.19,oral,oral,FALSE,,M,senior non-permanent,,M,16.7,0,100
TS.19-O-2,TS,TS.19,oral,oral,TRUE,,W,post-doctoral,,M,40,0,100
TS.19-O-3,TS,TS.19,oral,oral,TRUE,,W,post-doctoral,,M,42.9,0,100
TS.19-O-4,TS,TS.19,oral,oral,FALSE,,W,senior non-permanent,,M,50,0,100
TS.19-O-5,TS,TS.19,oral,oral,FALSE,,W,senior permanent,,W,80,0,100
TS.19-O-6,TS,TS.19,oral,oral,FALSE,,M,post-doctoral,,M,33.3,0,100
TS.19-O-7,TS,TS.19,oral,oral,TRUE,,W,post-doctoral,,M,40,0,100
TS.19-O-8,TS,TS.19,oral,oral,TRUE,,M,post-doctoral,,W,50,0,100
TS.19-O-9,TS,TS.19,oral,oral,TRUE,,W,post-doctoral,,M,50,0,100
TS.19-P-1,TS,TS.19,poster,poster,FALSE,,M,post-doctoral,,M,20,0,100
TS.19-P-2,TS,TS.19,poster,oral,TRUE,,W,post-doctoral,,W,80,0,100
TS.19-P-3,TS,TS.19,poster,oral,TRUE,,W,pre-doctoral,,W,66.7,0,100
TS.20-MT-1,TS,TS.20,invited,oral,FALSE,,M,senior permanent,,M,0,0,33
TS.20-O-2,TS,TS.20,oral,oral,FALSE,,M,senior non-permanent,,M,0,0,33
TS.20-O-3,TS,TS.20,oral,oral,FALSE,,M,pre-doctoral,,M,33.3,0,33
TS.20-O-4,TS,TS.20,oral,oral,TRUE,,M,post-doctoral,,M,25,0,33
TS.20-O-5,TS,TS.20,oral,oral,TRUE,,M,post-doctoral,,M,16.7,0,33
TS.20-O-6,TS,TS.20,oral,oral,FALSE,,W,senior permanent,,M,40,0,33
TS.20-O-7,TS,TS.20,oral,oral,FALSE,,M,senior permanent,,M,25,0,33
TS.20-P-1,TS,TS.20,poster,oral,FALSE,,M,post-doctoral,,M,11.1,0,33
TS.20-P-2,TS,TS.20,poster,oral,FALSE,,W,pre-doctoral,,M,33.3,0,33
TS.20-P-3,TS,TS.20,poster,oral,FALSE,,M,pre-doctoral,,M,0,0,33
TS.21-O-1,TS,TS.21,oral,oral,FALSE,,M,senior permanent,,M,60,22,88.9
TS.21-O-10,TS,TS.21,oral,oral,FALSE,,W,senior permanent,,M,46.7,22,88.9
TS.21-O-11,TS,TS.21,oral,oral,FALSE,,W,senior non-permanent,,W,428.6,22,88.9
TS.21-O-12,TS,TS.21,oral,oral,FALSE,,W,senior non-permanent,,W,80,22,88.9
TS.21-O-13,TS,TS.21,oral,oral,FALSE,,M,senior non-permanent,,W,66.7,22,88.9
TS.21-O-14,TS,TS.21,oral,oral,FALSE,,W,post-doctoral,,M,42.9,22,88.9
TS.21-O-15,TS,TS.21,oral,oral,TRUE,,W,pre-doctoral,,W,66.7,22,88.9
TS.21-O-16,TS,TS.21,oral,oral,FALSE,,M,pre-doctoral,,W,40,22,88.9
TS.21-O-17,TS,TS.21,oral,oral,TRUE,,W,pre-doctoral,,W,80,22,88.9
TS.21-O-18,TS,TS.21,oral,oral,TRUE,,W,pre-doctoral,,M,66.7,22,88.9
TS.21-O-19,TS,TS.21,oral,oral,TRUE,,W,pre-doctoral,,M,50,22,88.9
TS.21-O-2,TS,TS.21,oral,oral,FALSE,,W,pre-doctoral,,M,40,22,88.9
TS.21-O-3,TS,TS.21,oral,oral,TRUE,,W,pre-doctoral,,M,14.3,22,88.9
TS.21-O-4,TS,TS.21,oral,oral,FALSE,,W,post-doctoral,,M,66.7,22,88.9
TS.21-O-5,TS,TS.21,oral,oral,TRUE,,M,pre-doctoral,,M,10,22,88.9
TS.21-O-6,TS,TS.21,oral,oral,FALSE,,W,senior permanent,,M,33.3,22,88.9
TS.21-O-7,TS,TS.21,oral,oral,TRUE,,W,post-doctoral,,W,50,22,88.9
TS.21-O-8,TS,TS.21,oral,oral,TRUE,,M,pre-doctoral,,M,45.5,22,88.9
TS.21-O-9,TS,TS.21,oral,oral,FALSE,,W,senior non-permanent,,M,60,22,88.9
TS.21-P-1,TS,TS.21,poster,poster,FALSE,,W,pre-doctoral,,M,75,22,88.9
TS.21-P-2,TS,TS.21,poster,poster,TRUE,,M,pre-doctoral,,W,33.3,22,88.9
TS.21-P-3,TS,TS.21,poster,poster,TRUE,,W,pre-doctoral,,M,50,22,88.9
TS.21-P-4,TS,TS.21,poster,poster,FALSE,,M,senior permanent,,M,0,22,88.9
TS.21-P-5,TS,TS.21,poster,poster,TRUE,,W,pre-doctoral,,M,50,22,88.9
TS.21-P-6,TS,TS.21,poster,oral,TRUE,,W,pre-doctoral,,W,33.3,22,88.9
TS.21-P-7,TS,TS.21,poster,poster,FALSE,,M,senior permanent,,M,33.3,22,88.9
TS.21-P-8,TS,TS.21,poster,poster,FALSE,,W,post-doctoral,,W,66.7,22,88.9
TS.21-P-9,TS,TS.21,poster,poster,FALSE,,W,senior permanent,,M,50,22,88.9
TS.22-MT-1,TS,TS.22,invited,oral,FALSE,,W,senior non-permanent,,M,50,80,20
TS.22-O-10,TS,TS.22,oral,oral,FALSE,,M,pre-doctoral,,M,13,80,20
TS.22-O-11,TS,TS.22,oral,oral,FALSE,,M,senior non-permanent,,M,100,80,20
TS.22-O-12,TS,TS.22,oral,oral,FALSE,,M,post-doctoral,,M,0,80,20
TS.22-O-13,TS,TS.22,oral,oral,TRUE,,M,pre-doctoral,,M,50,80,20
TS.22-O-2,TS,TS.22,oral,oral,FALSE,,M,senior permanent,,M,2,80,20
TS.22-O-3,TS,TS.22,oral,oral,TRUE,,W,pre-doctoral,,M,50,80,20
TS.22-O-4,TS,TS.22,oral,oral,FALSE,,M,post-doctoral,,W,40,80,20
TS.22-O-5,TS,TS.22,poster,oral,TRUE,,M,pre-doctoral,,M,20,80,20
TS.22-O-6,TS,TS.22,oral,oral,FALSE,,W,senior non-permanent,,M,50,80,20
TS.22-O-7,TS,TS.22,oral,oral,TRUE,,W,pre-doctoral,,M,67,80,20
TS.22-O-8,TS,TS.22,oral,oral,TRUE,,M,post-doctoral,,M,100,80,20
TS.22-O-9,TS,TS.22,oral,oral,FALSE,,M,pre-doctoral,,M,40,80,20
TS.22-P-1,TS,TS.22,poster,oral,TRUE,,M,pre-doctoral,,M,37.5,80,20
TS.22-P-2,TS,TS.22,poster,oral,TRUE,YES,W,pre-doctoral,,M,88.9,80,20
TS.22-P-4,TS,TS.22,poster,poster,FALSE,,W,pre-doctoral,,M,33.3,80,20
TS.22-P-5,TS,TS.22,poster,poster,FALSE,,W,post-doctoral,,M,43,80,20
TS.22-P-6,TS,TS.22,poster,oral,TRUE,,M,post-doctoral,,M,0,80,20
TS.22-P-7,TS,TS.22,poster,poster,TRUE,,M,post-doctoral,,M,50,80,20
